costumer_id,employee_id
279,1
31,2
216,3
336,4
189,5
128,6
391,7
366,8
321,9
90,10
56,11
312,12
202,13
147,14
78,15
201,16
30,17
33,18
173,19
234,20
353,21
307,22
101,23
311,24
91,25
199,26
159,27
360,28
95,29
226,30
325,31
76,32
367,33
238,34
314,35
230,36
326,37
182,38
201,39
80,40
320,41
93,42
329,43
60,44
368,45
293,46
133,47
183,48
218,49
77,50
49,51
96,52
176,53
396,54
227,55
233,56
255,57
398,58
60,59
66,60
305,61
30,62
32,63
193,64
381,65
136,66
41,67
292,68
382,69
46,70
39,71
279,72
198,73
290,74
313,75
97,76
152,77
188,78
236,79
63,80
95,81
136,82
217,83
8,84
327,85
4,86
130,87
331,88
200,89
175,90
177,91
351,92
5,93
89,94
232,95
56,96
278,97
186,98
294,99
17,100
92,101
134,102
168,103
97,104
239,105
204,106
235,107
342,108
305,109
293,110
229,111
397,112
58,113
126,114
34,115
235,116
17,117
213,118
240,119
198,120
183,121
158,122
216,123
129,124
101,125
166,126
52,127
331,128
16,129
86,130
199,131
215,132
287,133
267,134
159,135
362,136
380,137
43,138
164,139
114,140
96,141
7,142
256,143
178,144
202,145
346,146
263,147
359,148
260,149
308,150
225,151
313,152
122,153
133,154
96,155
223,156
163,157
326,158
61,159
179,160
344,161
268,162
314,163
300,164
172,165
213,166
395,167
124,168
364,169
62,170
313,171
163,172
27,173
168,174
169,175
270,176
210,177
248,178
14,179
259,180
137,181
363,182
93,183
399,184
314,185
328,186
64,187
153,188
131,189
33,190
104,191
20,192
151,193
242,194
303,195
227,196
395,197
222,198
46,199
361,200
114,201
137,202
389,203
161,204
163,205
153,206
115,207
397,208
190,209
238,210
79,211
72,212
308,213
68,214
363,215
79,216
91,217
265,218
385,219
30,220
393,221
377,222
248,223
355,224
266,225
236,226
291,227
193,228
160,229
110,230
87,231
235,232
301,233
228,234
64,235
118,236
176,237
136,238
233,239
225,240
234,241
18,242
366,243
244,244
206,245
227,246
51,247
204,248
334,249
31,250
387,251
121,252
109,253
119,254
76,255
268,256
242,257
388,258
1,259
38,260
46,261
44,262
66,263
318,264
259,265
296,266
388,267
220,268
389,269
81,270
373,271
132,272
188,273
383,274
4,275
34,276
174,277
113,278
49,279
301,280
251,281
192,282
272,283
365,284
94,285
215,286
371,287
281,288
305,289
243,290
304,291
322,292
254,293
259,294
200,295
313,296
208,297
225,298
102,299
333,300
297,301
297,302
18,303
383,304
119,305
235,306
62,307
115,308
180,309
137,310
42,311
156,312
190,313
295,314
70,315
237,316
118,317
91,318
70,319
175,320
152,321
243,322
383,323
299,324
183,325
344,326
196,327
172,328
67,329
348,330
335,331
384,332
112,333
18,334
166,335
25,336
183,337
353,338
324,339
377,340
207,341
289,342
25,343
359,344
37,345
121,346
151,347
12,348
35,349
23,350
218,351
123,352
267,353
183,354
169,355
349,356
325,357
170,358
190,359
374,360
388,361
245,362
227,363
397,364
159,365
321,366
391,367
59,368
76,369
290,370
295,371
62,372
47,373
179,374
300,375
68,376
98,377
8,378
132,379
252,380
305,381
8,382
213,383
324,384
202,385
304,386
385,387
353,388
33,389
347,390
3,391
288,392
175,393
117,394
112,395
366,396
373,397
124,398
397,399
90,400
205,401
130,402
373,403
303,404
129,405
269,406
269,407
162,408
139,409
129,410
47,411
326,412
335,413
136,414
383,415
256,416
4,417
216,418
368,419
111,420
361,421
78,422
210,423
258,424
304,425
333,426
241,427
330,428
365,429
392,430
323,431
147,432
47,433
85,434
323,435
176,436
51,437
302,438
323,439
115,440
222,441
337,442
70,443
172,444
104,445
370,446
193,447
371,448
354,449
357,450
236,451
231,452
377,453
203,454
89,455
78,456
261,457
1,458
235,459
9,460
148,461
136,462
28,463
217,464
318,465
48,466
91,467
85,468
376,469
381,470
180,471
157,472
255,473
332,474
205,475
143,476
391,477
58,478
361,479
372,480
68,481
99,482
243,483
14,484
360,485
388,486
204,487
95,488
391,489
81,490
283,491
244,492
16,493
52,494
60,495
356,496
222,497
214,498
312,499
355,500
337,501
41,502
196,503
320,504
186,505
358,506
57,507
312,508
378,509
53,510
135,511
226,512
84,513
51,514
357,515
226,516
194,517
107,518
52,519
144,520
311,521
364,522
280,523
35,524
311,525
15,526
83,527
161,528
185,529
363,530
361,531
354,532
359,533
156,534
214,535
92,536
332,537
215,538
229,539
263,540
277,541
108,542
370,543
172,544
121,545
269,546
201,547
279,548
180,549
120,550
36,551
355,552
144,553
253,554
169,555
201,556
116,557
234,558
272,559
173,560
19,561
256,562
287,563
389,564
257,565
94,566
129,567
334,568
386,569
107,570
97,571
324,572
340,573
372,574
41,575
238,576
307,577
376,578
14,579
376,580
209,581
307,582
163,583
318,584
400,585
265,586
297,587
147,588
111,589
4,590
360,591
112,592
350,593
72,594
149,595
350,596
241,597
206,598
27,599
253,600
400,601
67,602
250,603
135,604
148,605
150,606
48,607
131,608
180,609
257,610
310,611
247,612
331,613
229,614
47,615
339,616
117,617
111,618
184,619
91,620
82,621
13,622
228,623
249,624
131,625
106,626
335,627
400,628
219,629
339,630
74,631
6,632
141,633
261,634
272,635
297,636
168,637
228,638
134,639
296,640
209,641
262,642
232,643
354,644
281,645
244,646
267,647
29,648
201,649
394,650
51,651
62,652
120,653
315,654
149,655
103,656
372,657
390,658
174,659
346,660
61,661
202,662
196,663
309,664
260,665
384,666
5,667
63,668
105,669
379,670
208,671
41,672
375,673
42,674
330,675
393,676
69,677
52,678
279,679
75,680
291,681
297,682
313,683
198,684
212,685
122,686
91,687
213,688
98,689
47,690
388,691
210,692
331,693
264,694
108,695
258,696
318,697
100,698
320,699
240,700
364,701
21,702
8,703
204,704
267,705
374,706
367,707
202,708
130,709
327,710
304,711
308,712
121,713
182,714
316,715
335,716
148,717
148,718
339,719
197,720
60,721
358,722
357,723
250,724
47,725
301,726
390,727
219,728
117,729
132,730
275,731
58,732
144,733
188,734
102,735
76,736
359,737
316,738
232,739
309,740
387,741
138,742
302,743
154,744
30,745
269,746
289,747
192,748
198,749
43,750
331,751
68,752
331,753
232,754
111,755
257,756
100,757
194,758
271,759
160,760
386,761
58,762
40,763
41,764
395,765
41,766
280,767
399,768
138,769
367,770
125,771
74,772
122,773
1,774
332,775
188,776
204,777
200,778
215,779
148,780
217,781
248,782
193,783
143,784
109,785
247,786
198,787
27,788
18,789
39,790
156,791
273,792
145,793
382,794
82,795
154,796
24,797
395,798
209,799
227,800
5,801
131,802
78,803
37,804
394,805
155,806
387,807
306,808
398,809
289,810
384,811
303,812
13,813
179,814
22,815
364,816
394,817
5,818
25,819
397,820
228,821
382,822
104,823
11,824
198,825
352,826
237,827
356,828
326,829
383,830
7,831
17,832
155,833
157,834
276,835
211,836
34,837
124,838
193,839
247,840
111,841
6,842
271,843
233,844
156,845
240,846
296,847
294,848
23,849
265,850
399,851
375,852
45,853
246,854
142,855
215,856
38,857
90,858
130,859
173,860
246,861
146,862
277,863
396,864
124,865
322,866
385,867
377,868
378,869
157,870
334,871
140,872
19,873
158,874
373,875
225,876
68,877
141,878
280,879
105,880
351,881
151,882
151,883
332,884
236,885
97,886
221,887
400,888
392,889
231,890
240,891
92,892
332,893
388,894
296,895
2,896
6,897
152,898
136,899
101,900
250,901
53,902
263,903
366,904
230,905
17,906
167,907
9,908
382,909
146,910
219,911
46,912
394,913
238,914
252,915
220,916
311,917
215,918
197,919
139,920
179,921
141,922
109,923
234,924
301,925
215,926
182,927
95,928
363,929
264,930
186,931
15,932
7,933
186,934
274,935
15,936
62,937
280,938
274,939
206,940
194,941
38,942
330,943
41,944
383,945
241,946
51,947
136,948
83,949
266,950
259,951
198,952
168,953
264,954
347,955
247,956
140,957
91,958
43,959
181,960
368,961
400,962
315,963
22,964
190,965
384,966
269,967
92,968
323,969
154,970
135,971
174,972
4,973
124,974
236,975
219,976
374,977
260,978
252,979
128,980
309,981
351,982
179,983
346,984
70,985
138,986
226,987
165,988
146,989
136,990
353,991
348,992
365,993
224,994
113,995
257,996
199,997
305,998
218,999
397,1000
195,1001
300,1002
242,1003
333,1004
35,1005
286,1006
84,1007
259,1008
70,1009
205,1010
254,1011
122,1012
227,1013
334,1014
120,1015
271,1016
91,1017
356,1018
289,1019
19,1020
268,1021
95,1022
158,1023
307,1024
77,1025
235,1026
150,1027
59,1028
395,1029
377,1030
346,1031
153,1032
19,1033
151,1034
67,1035
107,1036
36,1037
372,1038
171,1039
232,1040
284,1041
114,1042
210,1043
209,1044
305,1045
336,1046
296,1047
62,1048
206,1049
232,1050
219,1051
138,1052
218,1053
311,1054
365,1055
194,1056
130,1057
136,1058
169,1059
250,1060
376,1061
152,1062
93,1063
220,1064
215,1065
36,1066
286,1067
352,1068
162,1069
221,1070
345,1071
201,1072
149,1073
134,1074
324,1075
348,1076
387,1077
99,1078
199,1079
150,1080
15,1081
124,1082
217,1083
49,1084
199,1085
307,1086
196,1087
142,1088
319,1089
117,1090
351,1091
212,1092
24,1093
385,1094
145,1095
355,1096
98,1097
74,1098
209,1099
14,1100
367,1101
124,1102
273,1103
154,1104
189,1105
102,1106
313,1107
75,1108
286,1109
248,1110
19,1111
339,1112
111,1113
353,1114
76,1115
105,1116
149,1117
368,1118
384,1119
85,1120
31,1121
202,1122
318,1123
235,1124
399,1125
71,1126
350,1127
315,1128
145,1129
11,1130
331,1131
392,1132
1,1133
43,1134
262,1135
228,1136
288,1137
164,1138
267,1139
184,1140
233,1141
155,1142
228,1143
34,1144
312,1145
159,1146
400,1147
103,1148
157,1149
371,1150
283,1151
215,1152
11,1153
260,1154
294,1155
331,1156
58,1157
105,1158
118,1159
253,1160
111,1161
157,1162
369,1163
269,1164
399,1165
11,1166
309,1167
2,1168
168,1169
181,1170
209,1171
346,1172
361,1173
145,1174
212,1175
94,1176
382,1177
208,1178
169,1179
78,1180
397,1181
319,1182
235,1183
86,1184
19,1185
257,1186
256,1187
277,1188
322,1189
13,1190
171,1191
93,1192
13,1193
15,1194
293,1195
49,1196
29,1197
76,1198
124,1199
147,1200
216,1201
241,1202
107,1203
331,1204
263,1205
108,1206
339,1207
252,1208
111,1209
251,1210
175,1211
54,1212
245,1213
82,1214
313,1215
161,1216
224,1217
243,1218
353,1219
350,1220
104,1221
129,1222
320,1223
146,1224
399,1225
90,1226
250,1227
306,1228
94,1229
59,1230
211,1231
103,1232
187,1233
93,1234
49,1235
245,1236
170,1237
329,1238
271,1239
312,1240
118,1241
48,1242
80,1243
381,1244
388,1245
117,1246
73,1247
89,1248
162,1249
112,1250
272,1251
228,1252
2,1253
366,1254
50,1255
75,1256
314,1257
164,1258
11,1259
317,1260
305,1261
216,1262
37,1263
228,1264
316,1265
209,1266
35,1267
382,1268
374,1269
252,1270
220,1271
152,1272
196,1273
269,1274
269,1275
348,1276
136,1277
157,1278
391,1279
291,1280
202,1281
179,1282
307,1283
34,1284
385,1285
136,1286
180,1287
345,1288
271,1289
206,1290
302,1291
40,1292
266,1293
377,1294
344,1295
185,1296
160,1297
220,1298
227,1299
104,1300
139,1301
198,1302
392,1303
86,1304
114,1305
239,1306
284,1307
362,1308
191,1309
246,1310
352,1311
293,1312
374,1313
10,1314
330,1315
314,1316
394,1317
83,1318
68,1319
13,1320
99,1321
343,1322
143,1323
296,1324
177,1325
384,1326
173,1327
227,1328
213,1329
294,1330
287,1331
27,1332
330,1333
76,1334
334,1335
173,1336
334,1337
79,1338
107,1339
227,1340
187,1341
163,1342
85,1343
279,1344
79,1345
23,1346
42,1347
57,1348
381,1349
398,1350
287,1351
362,1352
369,1353
9,1354
63,1355
289,1356
94,1357
307,1358
347,1359
276,1360
159,1361
92,1362
9,1363
124,1364
372,1365
39,1366
191,1367
20,1368
23,1369
33,1370
308,1371
186,1372
177,1373
155,1374
387,1375
339,1376
215,1377
154,1378
292,1379
168,1380
300,1381
228,1382
325,1383
145,1384
237,1385
223,1386
168,1387
372,1388
131,1389
348,1390
343,1391
282,1392
222,1393
301,1394
300,1395
277,1396
94,1397
235,1398
356,1399
41,1400
350,1401
163,1402
296,1403
325,1404
315,1405
312,1406
285,1407
142,1408
94,1409
221,1410
219,1411
19,1412
365,1413
162,1414
213,1415
351,1416
327,1417
100,1418
189,1419
170,1420
24,1421
199,1422
25,1423
374,1424
308,1425
267,1426
398,1427
55,1428
233,1429
287,1430
352,1431
275,1432
89,1433
57,1434
130,1435
384,1436
109,1437
198,1438
11,1439
60,1440
103,1441
252,1442
54,1443
2,1444
167,1445
28,1446
396,1447
139,1448
300,1449
103,1450
195,1451
165,1452
365,1453
287,1454
362,1455
288,1456
238,1457
306,1458
204,1459
12,1460
20,1461
262,1462
115,1463
54,1464
253,1465
171,1466
282,1467
396,1468
365,1469
279,1470
12,1471
9,1472
124,1473
321,1474
182,1475
62,1476
46,1477
386,1478
219,1479
55,1480
74,1481
299,1482
233,1483
64,1484
109,1485
58,1486
356,1487
336,1488
189,1489
190,1490
161,1491
118,1492
282,1493
50,1494
255,1495
94,1496
393,1497
153,1498
385,1499
264,1500
328,1501
147,1502
77,1503
383,1504
390,1505
179,1506
48,1507
77,1508
102,1509
306,1510
344,1511
304,1512
302,1513
243,1514
394,1515
198,1516
159,1517
397,1518
179,1519
17,1520
224,1521
171,1522
398,1523
5,1524
200,1525
251,1526
94,1527
354,1528
358,1529
267,1530
104,1531
227,1532
36,1533
27,1534
175,1535
242,1536
259,1537
31,1538
159,1539
216,1540
356,1541
280,1542
199,1543
363,1544
105,1545
20,1546
378,1547
30,1548
127,1549
64,1550
360,1551
283,1552
59,1553
162,1554
40,1555
214,1556
229,1557
195,1558
306,1559
383,1560
18,1561
388,1562
260,1563
277,1564
209,1565
4,1566
370,1567
231,1568
233,1569
105,1570
182,1571
389,1572
260,1573
107,1574
80,1575
325,1576
322,1577
38,1578
120,1579
339,1580
118,1581
307,1582
56,1583
37,1584
225,1585
284,1586
32,1587
72,1588
392,1589
153,1590
173,1591
382,1592
244,1593
341,1594
213,1595
317,1596
266,1597
211,1598
28,1599
296,1600
359,1601
157,1602
265,1603
187,1604
10,1605
181,1606
56,1607
110,1608
85,1609
166,1610
233,1611
181,1612
44,1613
384,1614
16,1615
22,1616
202,1617
347,1618
392,1619
82,1620
391,1621
142,1622
170,1623
62,1624
67,1625
23,1626
227,1627
247,1628
398,1629
163,1630
74,1631
176,1632
189,1633
233,1634
201,1635
43,1636
278,1637
265,1638
147,1639
16,1640
286,1641
115,1642
276,1643
236,1644
31,1645
82,1646
195,1647
61,1648
254,1649
190,1650
247,1651
24,1652
232,1653
39,1654
4,1655
256,1656
128,1657
262,1658
29,1659
56,1660
73,1661
298,1662
312,1663
23,1664
289,1665
255,1666
333,1667
366,1668
243,1669
63,1670
198,1671
8,1672
367,1673
267,1674
105,1675
70,1676
312,1677
206,1678
68,1679
170,1680
177,1681
253,1682
353,1683
213,1684
205,1685
336,1686
6,1687
242,1688
355,1689
365,1690
46,1691
114,1692
189,1693
345,1694
28,1695
34,1696
103,1697
220,1698
261,1699
110,1700
399,1701
400,1702
337,1703
189,1704
366,1705
32,1706
179,1707
277,1708
74,1709
285,1710
106,1711
77,1712
197,1713
311,1714
325,1715
21,1716
210,1717
364,1718
67,1719
201,1720
311,1721
16,1722
289,1723
181,1724
344,1725
51,1726
390,1727
375,1728
367,1729
199,1730
307,1731
26,1732
370,1733
8,1734
267,1735
135,1736
238,1737
174,1738
343,1739
189,1740
273,1741
51,1742
186,1743
391,1744
103,1745
194,1746
224,1747
150,1748
346,1749
82,1750
188,1751
220,1752
328,1753
226,1754
201,1755
334,1756
284,1757
222,1758
126,1759
247,1760
241,1761
378,1762
134,1763
383,1764
156,1765
116,1766
367,1767
291,1768
97,1769
49,1770
249,1771
5,1772
326,1773
84,1774
212,1775
30,1776
35,1777
70,1778
83,1779
373,1780
182,1781
258,1782
304,1783
181,1784
218,1785
157,1786
304,1787
163,1788
326,1789
204,1790
199,1791
301,1792
56,1793
172,1794
280,1795
68,1796
112,1797
312,1798
12,1799
329,1800
213,1801
161,1802
36,1803
11,1804
379,1805
201,1806
130,1807
346,1808
192,1809
276,1810
132,1811
284,1812
74,1813
125,1814
386,1815
164,1816
299,1817
237,1818
341,1819
134,1820
347,1821
189,1822
382,1823
28,1824
193,1825
179,1826
88,1827
25,1828
123,1829
19,1830
124,1831
350,1832
40,1833
353,1834
40,1835
230,1836
246,1837
178,1838
279,1839
54,1840
370,1841
295,1842
243,1843
213,1844
43,1845
263,1846
230,1847
157,1848
198,1849
98,1850
240,1851
35,1852
46,1853
123,1854
130,1855
287,1856
354,1857
378,1858
208,1859
178,1860
37,1861
338,1862
204,1863
60,1864
88,1865
181,1866
205,1867
297,1868
36,1869
363,1870
398,1871
230,1872
92,1873
55,1874
153,1875
333,1876
137,1877
382,1878
102,1879
348,1880
347,1881
209,1882
104,1883
86,1884
72,1885
152,1886
297,1887
71,1888
165,1889
21,1890
16,1891
76,1892
333,1893
325,1894
41,1895
147,1896
5,1897
375,1898
164,1899
256,1900
264,1901
327,1902
215,1903
164,1904
159,1905
144,1906
53,1907
26,1908
139,1909
296,1910
209,1911
114,1912
109,1913
201,1914
74,1915
218,1916
65,1917
310,1918
156,1919
41,1920
294,1921
156,1922
382,1923
334,1924
180,1925
343,1926
167,1927
10,1928
22,1929
259,1930
249,1931
6,1932
330,1933
330,1934
356,1935
73,1936
70,1937
389,1938
367,1939
337,1940
358,1941
400,1942
106,1943
329,1944
46,1945
106,1946
104,1947
183,1948
68,1949
105,1950
237,1951
195,1952
87,1953
358,1954
276,1955
350,1956
232,1957
76,1958
309,1959
320,1960
156,1961
130,1962
217,1963
360,1964
111,1965
306,1966
270,1967
18,1968
226,1969
351,1970
133,1971
285,1972
334,1973
10,1974
148,1975
268,1976
160,1977
66,1978
88,1979
152,1980
93,1981
183,1982
82,1983
181,1984
21,1985
315,1986
210,1987
45,1988
80,1989
243,1990
317,1991
10,1992
2,1993
153,1994
70,1995
242,1996
100,1997
52,1998
309,1999
364,2000
303,2001
33,2002
41,2003
216,2004
83,2005
242,2006
216,2007
106,2008
213,2009
298,2010
227,2011
351,2012
74,2013
263,2014
252,2015
334,2016
159,2017
264,2018
284,2019
308,2020
306,2021
217,2022
185,2023
184,2024
151,2025
204,2026
134,2027
100,2028
323,2029
226,2030
277,2031
324,2032
241,2033
36,2034
172,2035
220,2036
191,2037
69,2038
56,2039
278,2040
271,2041
96,2042
368,2043
350,2044
43,2045
201,2046
23,2047
215,2048
6,2049
121,2050
400,2051
1,2052
17,2053
346,2054
378,2055
348,2056
141,2057
302,2058
11,2059
198,2060
339,2061
353,2062
180,2063
70,2064
385,2065
367,2066
369,2067
339,2068
209,2069
360,2070
327,2071
276,2072
187,2073
218,2074
365,2075
257,2076
143,2077
155,2078
238,2079
317,2080
212,2081
344,2082
282,2083
68,2084
121,2085
204,2086
167,2087
368,2088
167,2089
305,2090
369,2091
131,2092
294,2093
304,2094
197,2095
362,2096
184,2097
397,2098
84,2099
42,2100
296,2101
203,2102
255,2103
116,2104
149,2105
151,2106
310,2107
188,2108
258,2109
54,2110
348,2111
264,2112
192,2113
399,2114
213,2115
53,2116
371,2117
297,2118
156,2119
183,2120
327,2121
74,2122
292,2123
312,2124
391,2125
136,2126
226,2127
373,2128
205,2129
254,2130
11,2131
296,2132
101,2133
393,2134
233,2135
313,2136
251,2137
97,2138
267,2139
272,2140
217,2141
317,2142
52,2143
349,2144
360,2145
290,2146
105,2147
62,2148
246,2149
329,2150
134,2151
111,2152
84,2153
228,2154
163,2155
257,2156
344,2157
80,2158
319,2159
27,2160
183,2161
384,2162
27,2163
200,2164
304,2165
320,2166
158,2167
308,2168
18,2169
295,2170
27,2171
57,2172
149,2173
43,2174
273,2175
382,2176
4,2177
100,2178
208,2179
343,2180
68,2181
271,2182
279,2183
398,2184
160,2185
213,2186
33,2187
184,2188
278,2189
73,2190
49,2191
28,2192
145,2193
245,2194
311,2195
13,2196
186,2197
23,2198
166,2199
273,2200
54,2201
34,2202
122,2203
184,2204
115,2205
304,2206
308,2207
392,2208
277,2209
396,2210
195,2211
273,2212
248,2213
180,2214
391,2215
183,2216
13,2217
249,2218
63,2219
120,2220
239,2221
327,2222
350,2223
216,2224
288,2225
275,2226
377,2227
79,2228
114,2229
248,2230
346,2231
2,2232
318,2233
389,2234
167,2235
361,2236
266,2237
294,2238
5,2239
65,2240
26,2241
317,2242
92,2243
215,2244
380,2245
393,2246
90,2247
309,2248
97,2249
151,2250
370,2251
235,2252
353,2253
154,2254
97,2255
306,2256
358,2257
155,2258
221,2259
380,2260
234,2261
321,2262
228,2263
359,2264
10,2265
320,2266
219,2267
21,2268
302,2269
278,2270
242,2271
390,2272
399,2273
166,2274
143,2275
183,2276
382,2277
71,2278
183,2279
186,2280
311,2281
77,2282
393,2283
54,2284
275,2285
162,2286
365,2287
331,2288
78,2289
385,2290
261,2291
249,2292
347,2293
130,2294
283,2295
66,2296
203,2297
235,2298
213,2299
393,2300
257,2301
163,2302
352,2303
161,2304
53,2305
12,2306
163,2307
13,2308
294,2309
207,2310
138,2311
203,2312
159,2313
368,2314
137,2315
188,2316
41,2317
135,2318
117,2319
148,2320
206,2321
361,2322
301,2323
235,2324
236,2325
100,2326
394,2327
80,2328
211,2329
36,2330
316,2331
185,2332
234,2333
328,2334
69,2335
149,2336
223,2337
166,2338
31,2339
211,2340
97,2341
383,2342
249,2343
82,2344
327,2345
304,2346
107,2347
294,2348
129,2349
34,2350
117,2351
306,2352
106,2353
240,2354
207,2355
172,2356
12,2357
303,2358
386,2359
394,2360
248,2361
13,2362
304,2363
124,2364
109,2365
6,2366
61,2367
94,2368
238,2369
265,2370
100,2371
328,2372
323,2373
348,2374
379,2375
272,2376
11,2377
231,2378
16,2379
142,2380
305,2381
338,2382
41,2383
217,2384
154,2385
31,2386
130,2387
182,2388
68,2389
299,2390
371,2391
365,2392
362,2393
162,2394
107,2395
349,2396
290,2397
363,2398
145,2399
275,2400
211,2401
247,2402
223,2403
7,2404
255,2405
235,2406
355,2407
302,2408
37,2409
63,2410
381,2411
110,2412
134,2413
165,2414
323,2415
195,2416
310,2417
385,2418
328,2419
250,2420
80,2421
27,2422
16,2423
147,2424
99,2425
350,2426
144,2427
160,2428
66,2429
131,2430
349,2431
390,2432
180,2433
187,2434
175,2435
138,2436
63,2437
151,2438
398,2439
184,2440
196,2441
336,2442
374,2443
20,2444
321,2445
50,2446
301,2447
192,2448
231,2449
143,2450
107,2451
310,2452
80,2453
284,2454
202,2455
119,2456
81,2457
215,2458
341,2459
106,2460
237,2461
292,2462
371,2463
184,2464
116,2465
128,2466
375,2467
284,2468
33,2469
91,2470
290,2471
269,2472
119,2473
220,2474
289,2475
376,2476
98,2477
144,2478
296,2479
3,2480
240,2481
3,2482
72,2483
327,2484
309,2485
327,2486
193,2487
163,2488
89,2489
261,2490
267,2491
30,2492
22,2493
138,2494
25,2495
243,2496
1,2497
152,2498
297,2499
388,2500
394,2501
228,2502
143,2503
1,2504
115,2505
42,2506
128,2507
50,2508
238,2509
326,2510
170,2511
168,2512
385,2513
234,2514
48,2515
359,2516
185,2517
123,2518
279,2519
360,2520
101,2521
140,2522
226,2523
374,2524
221,2525
13,2526
362,2527
16,2528
340,2529
272,2530
170,2531
382,2532
387,2533
184,2534
170,2535
135,2536
175,2537
397,2538
32,2539
45,2540
146,2541
258,2542
294,2543
257,2544
36,2545
72,2546
372,2547
125,2548
352,2549
74,2550
73,2551
317,2552
323,2553
95,2554
72,2555
30,2556
317,2557
358,2558
167,2559
282,2560
125,2561
100,2562
288,2563
73,2564
311,2565
28,2566
82,2567
389,2568
68,2569
34,2570
276,2571
193,2572
47,2573
192,2574
399,2575
61,2576
71,2577
301,2578
265,2579
183,2580
2,2581
191,2582
296,2583
24,2584
338,2585
307,2586
118,2587
122,2588
11,2589
357,2590
254,2591
397,2592
57,2593
336,2594
33,2595
375,2596
7,2597
141,2598
180,2599
229,2600
267,2601
114,2602
396,2603
290,2604
288,2605
229,2606
84,2607
147,2608
287,2609
29,2610
179,2611
36,2612
355,2613
151,2614
19,2615
5,2616
225,2617
290,2618
50,2619
291,2620
281,2621
104,2622
252,2623
267,2624
56,2625
98,2626
373,2627
199,2628
350,2629
136,2630
389,2631
282,2632
76,2633
262,2634
25,2635
119,2636
211,2637
222,2638
334,2639
223,2640
103,2641
351,2642
326,2643
359,2644
317,2645
180,2646
93,2647
377,2648
383,2649
171,2650
88,2651
136,2652
5,2653
72,2654
130,2655
300,2656
165,2657
342,2658
190,2659
197,2660
142,2661
96,2662
70,2663
285,2664
383,2665
377,2666
276,2667
89,2668
254,2669
298,2670
261,2671
51,2672
229,2673
292,2674
346,2675
264,2676
108,2677
133,2678
189,2679
125,2680
260,2681
135,2682
107,2683
357,2684
381,2685
152,2686
359,2687
202,2688
310,2689
158,2690
16,2691
250,2692
13,2693
12,2694
129,2695
169,2696
330,2697
394,2698
262,2699
57,2700
42,2701
232,2702
239,2703
400,2704
343,2705
391,2706
322,2707
67,2708
44,2709
170,2710
220,2711
297,2712
181,2713
378,2714
163,2715
209,2716
311,2717
97,2718
178,2719
230,2720
160,2721
215,2722
327,2723
66,2724
92,2725
106,2726
206,2727
12,2728
201,2729
374,2730
368,2731
204,2732
275,2733
307,2734
185,2735
358,2736
211,2737
142,2738
207,2739
222,2740
12,2741
386,2742
11,2743
244,2744
23,2745
97,2746
221,2747
370,2748
265,2749
46,2750
270,2751
389,2752
217,2753
120,2754
141,2755
354,2756
200,2757
336,2758
345,2759
239,2760
259,2761
12,2762
336,2763
117,2764
213,2765
209,2766
322,2767
172,2768
182,2769
121,2770
158,2771
371,2772
162,2773
72,2774
242,2775
182,2776
88,2777
37,2778
271,2779
9,2780
57,2781
349,2782
124,2783
19,2784
183,2785
204,2786
262,2787
254,2788
130,2789
280,2790
49,2791
355,2792
206,2793
218,2794
111,2795
375,2796
180,2797
266,2798
388,2799
235,2800
201,2801
325,2802
241,2803
333,2804
73,2805
31,2806
171,2807
69,2808
199,2809
278,2810
390,2811
248,2812
136,2813
319,2814
373,2815
86,2816
80,2817
2,2818
263,2819
180,2820
41,2821
63,2822
57,2823
234,2824
114,2825
337,2826
133,2827
51,2828
368,2829
239,2830
194,2831
90,2832
141,2833
328,2834
175,2835
247,2836
10,2837
304,2838
302,2839
101,2840
189,2841
91,2842
86,2843
167,2844
288,2845
303,2846
224,2847
20,2848
139,2849
80,2850
129,2851
153,2852
77,2853
70,2854
82,2855
148,2856
20,2857
63,2858
342,2859
289,2860
137,2861
97,2862
148,2863
243,2864
277,2865
202,2866
151,2867
234,2868
172,2869
282,2870
195,2871
242,2872
22,2873
94,2874
333,2875
173,2876
224,2877
63,2878
174,2879
7,2880
47,2881
123,2882
156,2883
89,2884
354,2885
183,2886
28,2887
350,2888
35,2889
49,2890
149,2891
333,2892
180,2893
237,2894
290,2895
297,2896
119,2897
330,2898
21,2899
214,2900
326,2901
346,2902
347,2903
294,2904
104,2905
267,2906
84,2907
87,2908
36,2909
264,2910
135,2911
67,2912
57,2913
326,2914
195,2915
155,2916
340,2917
275,2918
111,2919
19,2920
322,2921
221,2922
314,2923
294,2924
222,2925
13,2926
150,2927
392,2928
66,2929
20,2930
194,2931
191,2932
193,2933
348,2934
239,2935
20,2936
219,2937
75,2938
181,2939
51,2940
87,2941
211,2942
149,2943
270,2944
354,2945
262,2946
176,2947
224,2948
147,2949
327,2950
98,2951
341,2952
236,2953
338,2954
387,2955
113,2956
377,2957
299,2958
96,2959
327,2960
115,2961
344,2962
355,2963
97,2964
209,2965
382,2966
336,2967
47,2968
136,2969
233,2970
267,2971
111,2972
27,2973
249,2974
206,2975
215,2976
188,2977
36,2978
30,2979
300,2980
353,2981
47,2982
142,2983
129,2984
337,2985
310,2986
5,2987
141,2988
319,2989
187,2990
145,2991
290,2992
395,2993
12,2994
323,2995
146,2996
5,2997
139,2998
282,2999
58,3000
131,3001
92,3002
391,3003
93,3004
156,3005
327,3006
396,3007
158,3008
367,3009
114,3010
65,3011
385,3012
262,3013
233,3014
134,3015
302,3016
65,3017
37,3018
94,3019
81,3020
118,3021
262,3022
224,3023
302,3024
280,3025
257,3026
270,3027
59,3028
254,3029
374,3030
187,3031
237,3032
204,3033
125,3034
88,3035
175,3036
328,3037
20,3038
351,3039
352,3040
33,3041
390,3042
324,3043
334,3044
124,3045
19,3046
180,3047
270,3048
103,3049
133,3050
183,3051
55,3052
267,3053
388,3054
215,3055
78,3056
199,3057
21,3058
148,3059
332,3060
97,3061
18,3062
378,3063
154,3064
209,3065
176,3066
326,3067
30,3068
238,3069
282,3070
347,3071
75,3072
3,3073
40,3074
265,3075
138,3076
286,3077
376,3078
361,3079
180,3080
130,3081
44,3082
182,3083
303,3084
294,3085
262,3086
3,3087
293,3088
370,3089
356,3090
183,3091
107,3092
363,3093
242,3094
378,3095
173,3096
144,3097
28,3098
392,3099
6,3100
147,3101
305,3102
301,3103
47,3104
65,3105
32,3106
270,3107
198,3108
351,3109
286,3110
330,3111
115,3112
208,3113
230,3114
137,3115
314,3116
7,3117
297,3118
59,3119
382,3120
145,3121
70,3122
340,3123
77,3124
140,3125
74,3126
30,3127
269,3128
221,3129
312,3130
189,3131
34,3132
63,3133
274,3134
133,3135
11,3136
288,3137
271,3138
14,3139
138,3140
106,3141
257,3142
227,3143
206,3144
318,3145
250,3146
250,3147
390,3148
247,3149
226,3150
105,3151
163,3152
328,3153
370,3154
359,3155
67,3156
19,3157
394,3158
297,3159
128,3160
88,3161
64,3162
336,3163
221,3164
132,3165
376,3166
153,3167
168,3168
88,3169
3,3170
230,3171
58,3172
56,3173
76,3174
249,3175
40,3176
203,3177
259,3178
178,3179
268,3180
157,3181
318,3182
133,3183
217,3184
93,3185
228,3186
306,3187
100,3188
243,3189
243,3190
332,3191
285,3192
322,3193
331,3194
294,3195
324,3196
84,3197
160,3198
253,3199
106,3200
7,3201
84,3202
296,3203
238,3204
209,3205
280,3206
225,3207
138,3208
380,3209
55,3210
160,3211
151,3212
306,3213
106,3214
269,3215
374,3216
301,3217
57,3218
333,3219
265,3220
132,3221
76,3222
369,3223
139,3224
301,3225
272,3226
280,3227
254,3228
360,3229
393,3230
104,3231
157,3232
325,3233
355,3234
1,3235
234,3236
119,3237
365,3238
28,3239
87,3240
156,3241
216,3242
259,3243
104,3244
260,3245
140,3246
148,3247
339,3248
110,3249
300,3250
400,3251
381,3252
138,3253
21,3254
109,3255
311,3256
369,3257
245,3258
308,3259
80,3260
108,3261
96,3262
197,3263
378,3264
400,3265
276,3266
50,3267
309,3268
154,3269
115,3270
157,3271
72,3272
96,3273
69,3274
294,3275
33,3276
248,3277
365,3278
14,3279
202,3280
70,3281
366,3282
125,3283
319,3284
214,3285
76,3286
285,3287
379,3288
154,3289
353,3290
108,3291
342,3292
121,3293
249,3294
310,3295
303,3296
394,3297
26,3298
13,3299
142,3300
32,3301
307,3302
223,3303
363,3304
105,3305
302,3306
326,3307
375,3308
186,3309
33,3310
67,3311
329,3312
174,3313
35,3314
171,3315
196,3316
310,3317
294,3318
389,3319
60,3320
88,3321
313,3322
133,3323
97,3324
249,3325
334,3326
187,3327
70,3328
371,3329
58,3330
223,3331
223,3332
263,3333
316,3334
51,3335
381,3336
357,3337
270,3338
381,3339
326,3340
374,3341
328,3342
35,3343
301,3344
54,3345
13,3346
112,3347
151,3348
317,3349
287,3350
372,3351
32,3352
250,3353
173,3354
252,3355
166,3356
172,3357
90,3358
182,3359
242,3360
93,3361
58,3362
118,3363
207,3364
85,3365
175,3366
69,3367
63,3368
139,3369
14,3370
268,3371
220,3372
17,3373
230,3374
38,3375
109,3376
237,3377
160,3378
157,3379
390,3380
314,3381
142,3382
106,3383
188,3384
104,3385
52,3386
232,3387
21,3388
88,3389
163,3390
161,3391
160,3392
112,3393
127,3394
286,3395
253,3396
216,3397
109,3398
299,3399
384,3400
305,3401
89,3402
5,3403
246,3404
38,3405
378,3406
56,3407
1,3408
171,3409
364,3410
136,3411
328,3412
293,3413
151,3414
244,3415
298,3416
111,3417
64,3418
11,3419
174,3420
34,3421
262,3422
338,3423
101,3424
337,3425
22,3426
365,3427
27,3428
38,3429
1,3430
48,3431
188,3432
152,3433
209,3434
251,3435
144,3436
270,3437
22,3438
64,3439
123,3440
287,3441
205,3442
387,3443
15,3444
190,3445
117,3446
189,3447
373,3448
132,3449
284,3450
320,3451
371,3452
387,3453
182,3454
256,3455
24,3456
370,3457
89,3458
327,3459
268,3460
369,3461
56,3462
26,3463
285,3464
81,3465
241,3466
164,3467
270,3468
384,3469
371,3470
18,3471
124,3472
107,3473
89,3474
396,3475
286,3476
343,3477
164,3478
170,3479
112,3480
390,3481
42,3482
380,3483
22,3484
131,3485
385,3486
68,3487
217,3488
167,3489
101,3490
72,3491
210,3492
274,3493
70,3494
382,3495
159,3496
95,3497
388,3498
168,3499
264,3500
330,3501
285,3502
285,3503
193,3504
2,3505
34,3506
193,3507
145,3508
19,3509
186,3510
104,3511
17,3512
152,3513
42,3514
367,3515
269,3516
349,3517
323,3518
137,3519
239,3520
197,3521
177,3522
323,3523
95,3524
159,3525
107,3526
323,3527
280,3528
284,3529
209,3530
260,3531
66,3532
323,3533
111,3534
305,3535
146,3536
260,3537
16,3538
187,3539
154,3540
300,3541
114,3542
240,3543
371,3544
257,3545
37,3546
324,3547
277,3548
398,3549
342,3550
325,3551
117,3552
239,3553
231,3554
385,3555
323,3556
328,3557
285,3558
25,3559
88,3560
107,3561
225,3562
112,3563
284,3564
271,3565
331,3566
215,3567
134,3568
290,3569
269,3570
304,3571
370,3572
363,3573
4,3574
147,3575
370,3576
259,3577
241,3578
278,3579
27,3580
66,3581
3,3582
130,3583
166,3584
242,3585
309,3586
267,3587
72,3588
202,3589
24,3590
278,3591
24,3592
115,3593
104,3594
194,3595
22,3596
36,3597
337,3598
378,3599
183,3600
239,3601
154,3602
165,3603
5,3604
382,3605
376,3606
166,3607
99,3608
234,3609
69,3610
299,3611
271,3612
49,3613
48,3614
27,3615
324,3616
184,3617
292,3618
257,3619
156,3620
390,3621
374,3622
143,3623
153,3624
321,3625
156,3626
112,3627
142,3628
342,3629
340,3630
106,3631
119,3632
309,3633
71,3634
114,3635
195,3636
87,3637
234,3638
145,3639
181,3640
382,3641
66,3642
307,3643
129,3644
254,3645
232,3646
136,3647
213,3648
147,3649
116,3650
146,3651
258,3652
170,3653
309,3654
186,3655
39,3656
258,3657
57,3658
303,3659
171,3660
332,3661
337,3662
26,3663
332,3664
163,3665
9,3666
59,3667
131,3668
335,3669
244,3670
32,3671
194,3672
16,3673
70,3674
373,3675
99,3676
239,3677
296,3678
187,3679
35,3680
274,3681
299,3682
255,3683
60,3684
296,3685
148,3686
381,3687
6,3688
326,3689
199,3690
52,3691
191,3692
277,3693
208,3694
383,3695
271,3696
387,3697
9,3698
372,3699
23,3700
142,3701
64,3702
291,3703
267,3704
202,3705
249,3706
315,3707
101,3708
219,3709
143,3710
276,3711
188,3712
80,3713
42,3714
335,3715
291,3716
357,3717
327,3718
147,3719
30,3720
101,3721
290,3722
181,3723
134,3724
57,3725
192,3726
27,3727
390,3728
313,3729
373,3730
106,3731
289,3732
161,3733
280,3734
109,3735
86,3736
100,3737
378,3738
228,3739
243,3740
235,3741
145,3742
318,3743
114,3744
189,3745
349,3746
266,3747
66,3748
212,3749
12,3750
385,3751
89,3752
41,3753
255,3754
148,3755
250,3756
166,3757
114,3758
285,3759
336,3760
88,3761
275,3762
144,3763
22,3764
291,3765
246,3766
163,3767
289,3768
208,3769
286,3770
136,3771
349,3772
235,3773
384,3774
235,3775
2,3776
383,3777
59,3778
173,3779
376,3780
222,3781
104,3782
29,3783
301,3784
380,3785
59,3786
287,3787
221,3788
188,3789
338,3790
49,3791
78,3792
185,3793
263,3794
28,3795
296,3796
81,3797
282,3798
217,3799
11,3800
3,3801
13,3802
79,3803
348,3804
59,3805
236,3806
162,3807
70,3808
126,3809
193,3810
79,3811
265,3812
221,3813
372,3814
361,3815
257,3816
99,3817
311,3818
239,3819
143,3820
7,3821
7,3822
7,3823
234,3824
120,3825
266,3826
1,3827
345,3828
304,3829
158,3830
243,3831
157,3832
307,3833
119,3834
35,3835
134,3836
288,3837
52,3838
61,3839
56,3840
1,3841
35,3842
162,3843
68,3844
56,3845
58,3846
7,3847
369,3848
279,3849
270,3850
213,3851
89,3852
89,3853
263,3854
164,3855
220,3856
55,3857
198,3858
175,3859
390,3860
251,3861
64,3862
25,3863
210,3864
73,3865
167,3866
64,3867
176,3868
365,3869
272,3870
350,3871
61,3872
246,3873
112,3874
77,3875
59,3876
126,3877
181,3878
49,3879
18,3880
163,3881
382,3882
220,3883
108,3884
74,3885
384,3886
341,3887
174,3888
215,3889
275,3890
335,3891
277,3892
221,3893
21,3894
110,3895
400,3896
29,3897
93,3898
168,3899
312,3900
46,3901
57,3902
322,3903
357,3904
255,3905
380,3906
262,3907
295,3908
86,3909
254,3910
111,3911
76,3912
198,3913
257,3914
216,3915
295,3916
197,3917
203,3918
15,3919
258,3920
315,3921
166,3922
217,3923
92,3924
350,3925
135,3926
136,3927
82,3928
300,3929
44,3930
214,3931
129,3932
74,3933
187,3934
135,3935
93,3936
359,3937
287,3938
317,3939
148,3940
359,3941
118,3942
252,3943
117,3944
315,3945
125,3946
213,3947
342,3948
101,3949
129,3950
382,3951
357,3952
141,3953
4,3954
369,3955
178,3956
55,3957
305,3958
366,3959
86,3960
374,3961
326,3962
265,3963
329,3964
280,3965
90,3966
72,3967
91,3968
103,3969
99,3970
140,3971
183,3972
274,3973
113,3974
116,3975
353,3976
62,3977
199,3978
96,3979
321,3980
311,3981
310,3982
399,3983
143,3984
79,3985
308,3986
110,3987
355,3988
344,3989
60,3990
237,3991
18,3992
129,3993
33,3994
133,3995
177,3996
394,3997
348,3998
253,3999
256,4000
259,4001
364,4002
21,4003
258,4004
280,4005
165,4006
208,4007
253,4008
214,4009
116,4010
388,4011
227,4012
195,4013
376,4014
146,4015
185,4016
240,4017
138,4018
377,4019
277,4020
194,4021
138,4022
234,4023
389,4024
117,4025
260,4026
85,4027
131,4028
83,4029
179,4030
239,4031
129,4032
292,4033
261,4034
243,4035
46,4036
134,4037
209,4038
62,4039
85,4040
266,4041
118,4042
48,4043
297,4044
317,4045
113,4046
240,4047
197,4048
223,4049
278,4050
120,4051
274,4052
57,4053
305,4054
102,4055
253,4056
375,4057
19,4058
265,4059
86,4060
160,4061
286,4062
14,4063
40,4064
169,4065
58,4066
230,4067
257,4068
293,4069
74,4070
224,4071
294,4072
49,4073
27,4074
28,4075
327,4076
156,4077
80,4078
163,4079
46,4080
385,4081
87,4082
183,4083
337,4084
99,4085
117,4086
231,4087
296,4088
366,4089
43,4090
121,4091
95,4092
143,4093
229,4094
362,4095
89,4096
298,4097
57,4098
160,4099
42,4100
292,4101
331,4102
310,4103
263,4104
227,4105
236,4106
114,4107
177,4108
400,4109
272,4110
319,4111
64,4112
398,4113
307,4114
52,4115
95,4116
274,4117
262,4118
93,4119
344,4120
258,4121
295,4122
4,4123
10,4124
166,4125
229,4126
145,4127
53,4128
114,4129
223,4130
81,4131
22,4132
147,4133
43,4134
337,4135
9,4136
102,4137
46,4138
186,4139
399,4140
295,4141
223,4142
84,4143
27,4144
176,4145
152,4146
23,4147
82,4148
185,4149
217,4150
366,4151
317,4152
113,4153
30,4154
332,4155
323,4156
78,4157
391,4158
72,4159
275,4160
107,4161
290,4162
11,4163
285,4164
77,4165
288,4166
182,4167
51,4168
234,4169
342,4170
86,4171
339,4172
76,4173
110,4174
39,4175
250,4176
317,4177
328,4178
104,4179
6,4180
147,4181
82,4182
214,4183
3,4184
37,4185
250,4186
123,4187
237,4188
291,4189
96,4190
221,4191
136,4192
376,4193
264,4194
378,4195
49,4196
224,4197
64,4198
140,4199
166,4200
204,4201
137,4202
378,4203
252,4204
152,4205
34,4206
54,4207
4,4208
61,4209
366,4210
392,4211
61,4212
168,4213
119,4214
126,4215
254,4216
166,4217
343,4218
271,4219
269,4220
70,4221
337,4222
74,4223
79,4224
87,4225
180,4226
389,4227
70,4228
380,4229
43,4230
250,4231
301,4232
210,4233
24,4234
90,4235
253,4236
297,4237
347,4238
192,4239
160,4240
145,4241
29,4242
157,4243
96,4244
173,4245
384,4246
126,4247
322,4248
284,4249
98,4250
49,4251
115,4252
263,4253
307,4254
297,4255
68,4256
283,4257
157,4258
15,4259
384,4260
58,4261
387,4262
191,4263
102,4264
248,4265
54,4266
50,4267
385,4268
148,4269
326,4270
347,4271
376,4272
5,4273
100,4274
143,4275
388,4276
105,4277
170,4278
222,4279
42,4280
132,4281
354,4282
92,4283
296,4284
134,4285
255,4286
281,4287
253,4288
357,4289
252,4290
342,4291
9,4292
357,4293
155,4294
244,4295
377,4296
6,4297
57,4298
88,4299
360,4300
100,4301
147,4302
54,4303
7,4304
80,4305
280,4306
364,4307
224,4308
399,4309
30,4310
127,4311
230,4312
14,4313
226,4314
72,4315
192,4316
12,4317
223,4318
22,4319
232,4320
99,4321
390,4322
136,4323
214,4324
359,4325
393,4326
132,4327
338,4328
268,4329
69,4330
176,4331
195,4332
364,4333
111,4334
143,4335
279,4336
380,4337
160,4338
175,4339
200,4340
50,4341
320,4342
23,4343
393,4344
223,4345
227,4346
239,4347
377,4348
272,4349
389,4350
350,4351
318,4352
363,4353
322,4354
122,4355
255,4356
159,4357
27,4358
311,4359
47,4360
109,4361
248,4362
387,4363
291,4364
42,4365
369,4366
272,4367
260,4368
121,4369
300,4370
224,4371
206,4372
361,4373
80,4374
61,4375
146,4376
23,4377
31,4378
240,4379
14,4380
242,4381
72,4382
132,4383
286,4384
18,4385
390,4386
372,4387
165,4388
187,4389
342,4390
26,4391
382,4392
69,4393
235,4394
117,4395
240,4396
166,4397
289,4398
277,4399
207,4400
160,4401
366,4402
170,4403
39,4404
43,4405
28,4406
19,4407
81,4408
345,4409
80,4410
262,4411
243,4412
328,4413
213,4414
199,4415
322,4416
296,4417
11,4418
293,4419
270,4420
252,4421
260,4422
283,4423
392,4424
115,4425
110,4426
42,4427
7,4428
88,4429
8,4430
183,4431
397,4432
184,4433
99,4434
344,4435
370,4436
318,4437
213,4438
265,4439
224,4440
317,4441
170,4442
108,4443
262,4444
261,4445
46,4446
61,4447
116,4448
301,4449
118,4450
247,4451
283,4452
243,4453
394,4454
113,4455
37,4456
307,4457
117,4458
211,4459
382,4460
362,4461
377,4462
86,4463
44,4464
230,4465
258,4466
36,4467
38,4468
34,4469
241,4470
58,4471
123,4472
241,4473
33,4474
379,4475
116,4476
117,4477
165,4478
200,4479
324,4480
190,4481
49,4482
73,4483
277,4484
155,4485
88,4486
378,4487
378,4488
152,4489
118,4490
129,4491
227,4492
255,4493
396,4494
150,4495
149,4496
23,4497
315,4498
47,4499
341,4500
35,4501
59,4502
267,4503
292,4504
381,4505
202,4506
273,4507
379,4508
160,4509
196,4510
288,4511
60,4512
373,4513
35,4514
267,4515
4,4516
318,4517
210,4518
213,4519
219,4520
323,4521
39,4522
340,4523
370,4524
343,4525
318,4526
254,4527
214,4528
92,4529
144,4530
239,4531
396,4532
234,4533
83,4534
131,4535
120,4536
92,4537
382,4538
323,4539
376,4540
22,4541
140,4542
106,4543
97,4544
7,4545
220,4546
147,4547
285,4548
135,4549
251,4550
304,4551
244,4552
341,4553
319,4554
349,4555
245,4556
221,4557
57,4558
289,4559
368,4560
183,4561
338,4562
361,4563
12,4564
262,4565
352,4566
395,4567
231,4568
180,4569
243,4570
286,4571
172,4572
3,4573
63,4574
232,4575
164,4576
156,4577
317,4578
122,4579
57,4580
307,4581
45,4582
160,4583
238,4584
130,4585
344,4586
319,4587
368,4588
393,4589
316,4590
296,4591
297,4592
277,4593
378,4594
381,4595
103,4596
35,4597
30,4598
346,4599
367,4600
75,4601
217,4602
89,4603
8,4604
283,4605
140,4606
47,4607
347,4608
73,4609
5,4610
215,4611
250,4612
15,4613
27,4614
4,4615
187,4616
345,4617
79,4618
386,4619
341,4620
395,4621
141,4622
42,4623
162,4624
174,4625
268,4626
154,4627
263,4628
391,4629
58,4630
170,4631
358,4632
147,4633
45,4634
8,4635
93,4636
182,4637
46,4638
285,4639
269,4640
15,4641
41,4642
176,4643
142,4644
93,4645
325,4646
107,4647
250,4648
357,4649
83,4650
165,4651
334,4652
261,4653
136,4654
137,4655
119,4656
210,4657
202,4658
375,4659
180,4660
4,4661
83,4662
7,4663
267,4664
351,4665
208,4666
95,4667
296,4668
149,4669
348,4670
330,4671
236,4672
295,4673
257,4674
189,4675
338,4676
165,4677
158,4678
236,4679
97,4680
218,4681
142,4682
76,4683
29,4684
271,4685
228,4686
4,4687
308,4688
180,4689
212,4690
317,4691
36,4692
368,4693
346,4694
34,4695
297,4696
36,4697
338,4698
297,4699
136,4700
29,4701
282,4702
90,4703
50,4704
8,4705
172,4706
90,4707
83,4708
340,4709
44,4710
29,4711
400,4712
267,4713
136,4714
288,4715
64,4716
209,4717
343,4718
363,4719
291,4720
49,4721
203,4722
339,4723
120,4724
397,4725
52,4726
126,4727
105,4728
344,4729
109,4730
56,4731
15,4732
8,4733
282,4734
355,4735
86,4736
356,4737
57,4738
380,4739
160,4740
233,4741
205,4742
243,4743
252,4744
288,4745
47,4746
359,4747
8,4748
43,4749
341,4750
145,4751
163,4752
387,4753
259,4754
254,4755
7,4756
63,4757
108,4758
319,4759
218,4760
222,4761
356,4762
207,4763
357,4764
254,4765
389,4766
267,4767
358,4768
374,4769
113,4770
79,4771
280,4772
117,4773
232,4774
6,4775
390,4776
15,4777
288,4778
331,4779
136,4780
129,4781
228,4782
367,4783
308,4784
31,4785
136,4786
54,4787
210,4788
97,4789
369,4790
136,4791
95,4792
83,4793
73,4794
80,4795
175,4796
242,4797
243,4798
359,4799
323,4800
55,4801
256,4802
146,4803
104,4804
257,4805
351,4806
377,4807
322,4808
125,4809
66,4810
278,4811
260,4812
295,4813
65,4814
302,4815
96,4816
9,4817
69,4818
122,4819
326,4820
247,4821
269,4822
326,4823
14,4824
31,4825
47,4826
365,4827
240,4828
64,4829
204,4830
244,4831
231,4832
45,4833
90,4834
128,4835
392,4836
68,4837
7,4838
278,4839
394,4840
133,4841
115,4842
232,4843
94,4844
305,4845
393,4846
180,4847
194,4848
161,4849
129,4850
186,4851
275,4852
126,4853
226,4854
62,4855
248,4856
49,4857
220,4858
387,4859
121,4860
311,4861
273,4862
324,4863
93,4864
221,4865
118,4866
366,4867
362,4868
169,4869
397,4870
137,4871
227,4872
250,4873
223,4874
291,4875
368,4876
317,4877
271,4878
387,4879
296,4880
174,4881
250,4882
328,4883
311,4884
87,4885
369,4886
43,4887
234,4888
387,4889
282,4890
211,4891
386,4892
327,4893
136,4894
83,4895
396,4896
359,4897
131,4898
17,4899
266,4900
229,4901
136,4902
380,4903
36,4904
122,4905
244,4906
302,4907
29,4908
259,4909
400,4910
351,4911
297,4912
100,4913
152,4914
311,4915
125,4916
120,4917
136,4918
85,4919
259,4920
72,4921
261,4922
299,4923
226,4924
197,4925
40,4926
125,4927
98,4928
10,4929
400,4930
372,4931
356,4932
366,4933
3,4934
238,4935
323,4936
278,4937
306,4938
374,4939
232,4940
364,4941
362,4942
192,4943
9,4944
109,4945
126,4946
146,4947
391,4948
249,4949
65,4950
31,4951
353,4952
215,4953
89,4954
135,4955
322,4956
78,4957
120,4958
230,4959
167,4960
165,4961
91,4962
388,4963
54,4964
179,4965
199,4966
145,4967
140,4968
316,4969
325,4970
343,4971
301,4972
326,4973
225,4974
79,4975
338,4976
60,4977
324,4978
305,4979
3,4980
23,4981
386,4982
312,4983
103,4984
104,4985
84,4986
375,4987
107,4988
249,4989
181,4990
6,4991
394,4992
14,4993
297,4994
216,4995
77,4996
341,4997
176,4998
70,4999
327,5000
160,5001
249,5002
185,5003
345,5004
274,5005
304,5006
359,5007
258,5008
6,5009
180,5010
376,5011
393,5012
356,5013
85,5014
334,5015
395,5016
295,5017
213,5018
265,5019
321,5020
128,5021
295,5022
352,5023
219,5024
287,5025
390,5026
86,5027
348,5028
267,5029
391,5030
32,5031
105,5032
274,5033
25,5034
210,5035
254,5036
135,5037
98,5038
191,5039
221,5040
122,5041
276,5042
97,5043
288,5044
375,5045
285,5046
197,5047
73,5048
332,5049
152,5050
136,5051
3,5052
34,5053
7,5054
246,5055
345,5056
96,5057
351,5058
100,5059
1,5060
210,5061
14,5062
236,5063
163,5064
238,5065
371,5066
212,5067
252,5068
389,5069
336,5070
265,5071
335,5072
255,5073
72,5074
157,5075
351,5076
282,5077
308,5078
94,5079
55,5080
236,5081
335,5082
215,5083
142,5084
351,5085
124,5086
143,5087
157,5088
370,5089
98,5090
355,5091
347,5092
60,5093
132,5094
256,5095
12,5096
390,5097
198,5098
26,5099
24,5100
242,5101
346,5102
337,5103
79,5104
334,5105
18,5106
144,5107
234,5108
163,5109
310,5110
266,5111
62,5112
33,5113
163,5114
192,5115
148,5116
51,5117
240,5118
263,5119
343,5120
282,5121
359,5122
209,5123
136,5124
259,5125
145,5126
11,5127
344,5128
40,5129
42,5130
331,5131
98,5132
77,5133
180,5134
161,5135
17,5136
350,5137
168,5138
9,5139
285,5140
118,5141
148,5142
159,5143
20,5144
205,5145
214,5146
122,5147
142,5148
144,5149
75,5150
258,5151
164,5152
208,5153
218,5154
317,5155
121,5156
280,5157
322,5158
388,5159
92,5160
114,5161
275,5162
359,5163
214,5164
280,5165
199,5166
391,5167
250,5168
338,5169
11,5170
40,5171
127,5172
112,5173
247,5174
190,5175
271,5176
48,5177
142,5178
125,5179
295,5180
366,5181
142,5182
230,5183
343,5184
62,5185
23,5186
125,5187
235,5188
69,5189
36,5190
303,5191
150,5192
304,5193
139,5194
393,5195
189,5196
261,5197
24,5198
127,5199
103,5200
74,5201
292,5202
136,5203
166,5204
391,5205
319,5206
328,5207
246,5208
373,5209
176,5210
256,5211
349,5212
133,5213
336,5214
108,5215
279,5216
140,5217
60,5218
230,5219
259,5220
389,5221
121,5222
279,5223
263,5224
378,5225
203,5226
188,5227
79,5228
102,5229
264,5230
99,5231
334,5232
306,5233
54,5234
232,5235
339,5236
24,5237
206,5238
216,5239
36,5240
298,5241
231,5242
224,5243
215,5244
355,5245
342,5246
60,5247
293,5248
264,5249
103,5250
381,5251
217,5252
86,5253
69,5254
80,5255
125,5256
135,5257
80,5258
169,5259
106,5260
97,5261
208,5262
46,5263
354,5264
331,5265
65,5266
297,5267
124,5268
98,5269
295,5270
276,5271
151,5272
135,5273
331,5274
343,5275
210,5276
24,5277
43,5278
34,5279
73,5280
34,5281
168,5282
209,5283
39,5284
112,5285
78,5286
176,5287
325,5288
106,5289
279,5290
197,5291
157,5292
198,5293
294,5294
293,5295
213,5296
15,5297
270,5298
270,5299
92,5300
21,5301
355,5302
275,5303
303,5304
198,5305
303,5306
20,5307
30,5308
132,5309
187,5310
382,5311
55,5312
239,5313
382,5314
195,5315
88,5316
209,5317
188,5318
227,5319
109,5320
395,5321
274,5322
91,5323
236,5324
334,5325
263,5326
82,5327
159,5328
235,5329
30,5330
62,5331
219,5332
359,5333
372,5334
158,5335
48,5336
215,5337
90,5338
349,5339
136,5340
359,5341
300,5342
279,5343
369,5344
102,5345
330,5346
106,5347
115,5348
103,5349
112,5350
308,5351
336,5352
322,5353
128,5354
157,5355
76,5356
231,5357
189,5358
83,5359
336,5360
265,5361
378,5362
286,5363
106,5364
270,5365
351,5366
6,5367
180,5368
97,5369
294,5370
240,5371
85,5372
356,5373
277,5374
164,5375
295,5376
127,5377
311,5378
316,5379
203,5380
144,5381
258,5382
317,5383
373,5384
137,5385
124,5386
372,5387
240,5388
116,5389
194,5390
181,5391
329,5392
10,5393
349,5394
303,5395
363,5396
332,5397
108,5398
377,5399
79,5400
144,5401
269,5402
27,5403
186,5404
288,5405
352,5406
349,5407
315,5408
333,5409
175,5410
318,5411
286,5412
9,5413
109,5414
52,5415
136,5416
67,5417
333,5418
400,5419
314,5420
83,5421
69,5422
148,5423
123,5424
188,5425
76,5426
19,5427
357,5428
351,5429
252,5430
344,5431
191,5432
272,5433
173,5434
350,5435
94,5436
128,5437
217,5438
107,5439
379,5440
203,5441
81,5442
370,5443
179,5444
174,5445
340,5446
135,5447
315,5448
141,5449
312,5450
92,5451
337,5452
318,5453
307,5454
233,5455
169,5456
6,5457
186,5458
198,5459
329,5460
292,5461
163,5462
366,5463
398,5464
216,5465
374,5466
361,5467
197,5468
209,5469
95,5470
175,5471
264,5472
317,5473
2,5474
59,5475
243,5476
382,5477
230,5478
58,5479
42,5480
234,5481
174,5482
267,5483
246,5484
211,5485
116,5486
281,5487
270,5488
69,5489
3,5490
223,5491
217,5492
297,5493
255,5494
329,5495
172,5496
96,5497
17,5498
256,5499
381,5500
55,5501
279,5502
148,5503
386,5504
350,5505
311,5506
265,5507
88,5508
147,5509
284,5510
223,5511
117,5512
217,5513
118,5514
118,5515
392,5516
220,5517
235,5518
361,5519
67,5520
43,5521
274,5522
387,5523
109,5524
152,5525
40,5526
80,5527
206,5528
342,5529
289,5530
151,5531
297,5532
97,5533
239,5534
267,5535
285,5536
260,5537
38,5538
228,5539
83,5540
394,5541
120,5542
102,5543
212,5544
214,5545
271,5546
34,5547
355,5548
358,5549
215,5550
19,5551
362,5552
43,5553
322,5554
77,5555
259,5556
75,5557
190,5558
336,5559
271,5560
46,5561
236,5562
385,5563
358,5564
224,5565
10,5566
238,5567
275,5568
290,5569
363,5570
232,5571
96,5572
186,5573
358,5574
268,5575
66,5576
338,5577
337,5578
98,5579
321,5580
341,5581
303,5582
270,5583
195,5584
71,5585
71,5586
214,5587
319,5588
90,5589
70,5590
336,5591
248,5592
234,5593
272,5594
338,5595
302,5596
46,5597
175,5598
258,5599
291,5600
162,5601
160,5602
350,5603
312,5604
52,5605
329,5606
266,5607
318,5608
124,5609
128,5610
279,5611
281,5612
352,5613
60,5614
193,5615
169,5616
81,5617
352,5618
266,5619
337,5620
30,5621
348,5622
133,5623
62,5624
78,5625
24,5626
38,5627
80,5628
234,5629
124,5630
198,5631
221,5632
32,5633
163,5634
274,5635
280,5636
239,5637
117,5638
113,5639
230,5640
344,5641
363,5642
338,5643
20,5644
287,5645
197,5646
118,5647
355,5648
373,5649
112,5650
380,5651
54,5652
106,5653
227,5654
386,5655
345,5656
374,5657
391,5658
58,5659
369,5660
341,5661
187,5662
84,5663
197,5664
41,5665
150,5666
261,5667
393,5668
375,5669
111,5670
244,5671
398,5672
229,5673
57,5674
230,5675
158,5676
220,5677
42,5678
70,5679
225,5680
244,5681
101,5682
109,5683
289,5684
158,5685
114,5686
65,5687
7,5688
127,5689
299,5690
151,5691
344,5692
86,5693
291,5694
348,5695
389,5696
79,5697
168,5698
236,5699
235,5700
171,5701
214,5702
90,5703
8,5704
238,5705
294,5706
175,5707
8,5708
363,5709
44,5710
183,5711
205,5712
31,5713
38,5714
332,5715
372,5716
32,5717
134,5718
48,5719
106,5720
376,5721
12,5722
252,5723
268,5724
266,5725
253,5726
251,5727
69,5728
195,5729
209,5730
273,5731
13,5732
380,5733
199,5734
370,5735
81,5736
156,5737
33,5738
145,5739
253,5740
187,5741
346,5742
215,5743
247,5744
246,5745
140,5746
298,5747
97,5748
117,5749
332,5750
114,5751
192,5752
284,5753
34,5754
381,5755
152,5756
322,5757
342,5758
149,5759
225,5760
319,5761
263,5762
166,5763
293,5764
274,5765
246,5766
150,5767
164,5768
309,5769
20,5770
57,5771
213,5772
85,5773
102,5774
296,5775
211,5776
118,5777
169,5778
90,5779
264,5780
373,5781
35,5782
134,5783
50,5784
295,5785
271,5786
345,5787
213,5788
15,5789
10,5790
395,5791
65,5792
81,5793
50,5794
239,5795
116,5796
355,5797
61,5798
293,5799
22,5800
241,5801
276,5802
265,5803
218,5804
240,5805
95,5806
87,5807
107,5808
77,5809
31,5810
357,5811
248,5812
190,5813
308,5814
153,5815
298,5816
76,5817
124,5818
112,5819
394,5820
297,5821
380,5822
388,5823
299,5824
249,5825
259,5826
313,5827
340,5828
92,5829
191,5830
370,5831
40,5832
194,5833
226,5834
43,5835
184,5836
7,5837
254,5838
144,5839
286,5840
321,5841
385,5842
325,5843
270,5844
290,5845
190,5846
376,5847
335,5848
97,5849
329,5850
39,5851
351,5852
193,5853
111,5854
7,5855
23,5856
264,5857
159,5858
49,5859
300,5860
259,5861
148,5862
290,5863
248,5864
156,5865
176,5866
184,5867
385,5868
168,5869
203,5870
284,5871
4,5872
85,5873
69,5874
47,5875
302,5876
175,5877
266,5878
154,5879
241,5880
13,5881
353,5882
108,5883
134,5884
140,5885
112,5886
130,5887
10,5888
178,5889
39,5890
228,5891
256,5892
235,5893
284,5894
301,5895
196,5896
336,5897
82,5898
44,5899
361,5900
213,5901
242,5902
3,5903
337,5904
141,5905
216,5906
165,5907
390,5908
304,5909
254,5910
333,5911
55,5912
155,5913
14,5914
115,5915
374,5916
154,5917
161,5918
181,5919
284,5920
365,5921
171,5922
339,5923
382,5924
261,5925
201,5926
395,5927
291,5928
51,5929
384,5930
4,5931
72,5932
304,5933
30,5934
59,5935
330,5936
54,5937
399,5938
255,5939
240,5940
313,5941
31,5942
132,5943
18,5944
361,5945
375,5946
23,5947
301,5948
333,5949
127,5950
281,5951
326,5952
261,5953
82,5954
391,5955
349,5956
133,5957
217,5958
182,5959
281,5960
227,5961
149,5962
367,5963
204,5964
16,5965
269,5966
92,5967
48,5968
335,5969
370,5970
191,5971
265,5972
41,5973
300,5974
373,5975
54,5976
266,5977
334,5978
117,5979
250,5980
234,5981
149,5982
338,5983
203,5984
35,5985
199,5986
254,5987
380,5988
31,5989
226,5990
59,5991
20,5992
192,5993
57,5994
272,5995
15,5996
219,5997
252,5998
333,5999
98,6000
14,6001
161,6002
184,6003
312,6004
352,6005
97,6006
254,6007
275,6008
299,6009
51,6010
18,6011
74,6012
383,6013
309,6014
196,6015
292,6016
115,6017
184,6018
355,6019
347,6020
324,6021
71,6022
147,6023
281,6024
376,6025
162,6026
205,6027
152,6028
269,6029
1,6030
364,6031
385,6032
23,6033
261,6034
6,6035
351,6036
357,6037
176,6038
168,6039
162,6040
257,6041
63,6042
229,6043
148,6044
227,6045
289,6046
46,6047
107,6048
356,6049
125,6050
305,6051
227,6052
366,6053
274,6054
102,6055
387,6056
263,6057
99,6058
215,6059
398,6060
200,6061
33,6062
141,6063
295,6064
85,6065
379,6066
185,6067
62,6068
396,6069
188,6070
47,6071
254,6072
152,6073
111,6074
83,6075
63,6076
218,6077
303,6078
334,6079
52,6080
336,6081
390,6082
162,6083
1,6084
208,6085
16,6086
52,6087
209,6088
144,6089
42,6090
8,6091
288,6092
236,6093
333,6094
189,6095
229,6096
223,6097
162,6098
174,6099
182,6100
12,6101
90,6102
190,6103
216,6104
400,6105
333,6106
396,6107
225,6108
292,6109
331,6110
156,6111
289,6112
195,6113
282,6114
320,6115
301,6116
329,6117
363,6118
144,6119
205,6120
36,6121
65,6122
58,6123
385,6124
123,6125
289,6126
172,6127
210,6128
122,6129
70,6130
43,6131
371,6132
366,6133
331,6134
30,6135
114,6136
268,6137
327,6138
52,6139
388,6140
300,6141
274,6142
143,6143
59,6144
113,6145
217,6146
112,6147
11,6148
150,6149
135,6150
266,6151
305,6152
36,6153
261,6154
208,6155
185,6156
215,6157
89,6158
145,6159
395,6160
24,6161
227,6162
305,6163
5,6164
330,6165
124,6166
138,6167
322,6168
373,6169
375,6170
95,6171
289,6172
153,6173
132,6174
292,6175
247,6176
318,6177
58,6178
226,6179
354,6180
259,6181
4,6182
240,6183
251,6184
243,6185
182,6186
228,6187
176,6188
347,6189
184,6190
115,6191
42,6192
74,6193
357,6194
382,6195
8,6196
79,6197
289,6198
159,6199
197,6200
389,6201
44,6202
280,6203
92,6204
396,6205
37,6206
306,6207
96,6208
80,6209
378,6210
304,6211
347,6212
223,6213
161,6214
150,6215
1,6216
58,6217
153,6218
171,6219
105,6220
62,6221
73,6222
381,6223
96,6224
63,6225
326,6226
322,6227
68,6228
284,6229
383,6230
172,6231
47,6232
343,6233
399,6234
25,6235
156,6236
322,6237
121,6238
305,6239
30,6240
66,6241
341,6242
379,6243
266,6244
144,6245
172,6246
34,6247
82,6248
143,6249
90,6250
377,6251
29,6252
114,6253
104,6254
160,6255
90,6256
348,6257
44,6258
243,6259
357,6260
53,6261
82,6262
261,6263
400,6264
77,6265
168,6266
341,6267
6,6268
19,6269
222,6270
262,6271
300,6272
248,6273
81,6274
47,6275
183,6276
226,6277
339,6278
122,6279
106,6280
180,6281
264,6282
260,6283
389,6284
5,6285
69,6286
218,6287
270,6288
321,6289
67,6290
80,6291
206,6292
152,6293
257,6294
189,6295
327,6296
70,6297
231,6298
58,6299
78,6300
79,6301
166,6302
346,6303
308,6304
308,6305
324,6306
213,6307
42,6308
382,6309
349,6310
229,6311
67,6312
349,6313
214,6314
134,6315
186,6316
175,6317
97,6318
251,6319
277,6320
240,6321
220,6322
227,6323
298,6324
168,6325
375,6326
378,6327
164,6328
345,6329
140,6330
50,6331
355,6332
139,6333
146,6334
292,6335
212,6336
46,6337
333,6338
345,6339
328,6340
387,6341
47,6342
296,6343
154,6344
107,6345
211,6346
66,6347
52,6348
102,6349
27,6350
165,6351
201,6352
239,6353
226,6354
94,6355
317,6356
213,6357
16,6358
157,6359
183,6360
344,6361
396,6362
54,6363
249,6364
264,6365
75,6366
63,6367
240,6368
52,6369
374,6370
180,6371
249,6372
2,6373
304,6374
224,6375
230,6376
346,6377
112,6378
129,6379
322,6380
400,6381
46,6382
45,6383
298,6384
225,6385
333,6386
241,6387
288,6388
202,6389
337,6390
151,6391
385,6392
80,6393
74,6394
327,6395
341,6396
101,6397
314,6398
125,6399
78,6400
6,6401
249,6402
97,6403
35,6404
27,6405
236,6406
37,6407
65,6408
144,6409
76,6410
109,6411
74,6412
246,6413
64,6414
245,6415
71,6416
113,6417
247,6418
133,6419
69,6420
398,6421
50,6422
29,6423
377,6424
157,6425
275,6426
206,6427
35,6428
228,6429
56,6430
136,6431
389,6432
280,6433
168,6434
250,6435
317,6436
325,6437
211,6438
2,6439
243,6440
124,6441
368,6442
128,6443
337,6444
214,6445
77,6446
64,6447
222,6448
193,6449
115,6450
78,6451
200,6452
107,6453
308,6454
112,6455
116,6456
194,6457
319,6458
355,6459
251,6460
380,6461
18,6462
69,6463
315,6464
222,6465
225,6466
46,6467
199,6468
15,6469
139,6470
124,6471
21,6472
389,6473
297,6474
313,6475
365,6476
369,6477
395,6478
106,6479
398,6480
277,6481
326,6482
188,6483
238,6484
272,6485
33,6486
202,6487
41,6488
121,6489
382,6490
171,6491
148,6492
262,6493
341,6494
168,6495
367,6496
174,6497
172,6498
139,6499
389,6500
178,6501
362,6502
323,6503
169,6504
394,6505
231,6506
25,6507
275,6508
400,6509
222,6510
187,6511
23,6512
183,6513
66,6514
289,6515
372,6516
39,6517
243,6518
28,6519
19,6520
222,6521
23,6522
372,6523
372,6524
36,6525
247,6526
23,6527
251,6528
255,6529
27,6530
125,6531
384,6532
342,6533
384,6534
330,6535
190,6536
311,6537
283,6538
72,6539
28,6540
290,6541
212,6542
72,6543
84,6544
354,6545
324,6546
70,6547
176,6548
247,6549
373,6550
246,6551
352,6552
30,6553
40,6554
236,6555
248,6556
210,6557
107,6558
110,6559
325,6560
376,6561
265,6562
213,6563
146,6564
320,6565
264,6566
215,6567
271,6568
285,6569
364,6570
161,6571
146,6572
372,6573
195,6574
239,6575
155,6576
51,6577
268,6578
48,6579
35,6580
2,6581
40,6582
212,6583
287,6584
268,6585
370,6586
25,6587
225,6588
298,6589
342,6590
19,6591
228,6592
168,6593
238,6594
86,6595
303,6596
50,6597
312,6598
216,6599
122,6600
23,6601
85,6602
66,6603
148,6604
122,6605
79,6606
179,6607
228,6608
203,6609
192,6610
281,6611
64,6612
108,6613
360,6614
48,6615
172,6616
47,6617
61,6618
386,6619
28,6620
24,6621
88,6622
226,6623
161,6624
63,6625
167,6626
352,6627
177,6628
191,6629
43,6630
194,6631
326,6632
119,6633
65,6634
355,6635
369,6636
343,6637
262,6638
33,6639
146,6640
204,6641
246,6642
212,6643
301,6644
99,6645
159,6646
333,6647
207,6648
121,6649
379,6650
167,6651
80,6652
99,6653
365,6654
66,6655
179,6656
121,6657
250,6658
52,6659
136,6660
209,6661
60,6662
14,6663
126,6664
165,6665
330,6666
95,6667
364,6668
297,6669
183,6670
216,6671
137,6672
198,6673
369,6674
221,6675
235,6676
385,6677
18,6678
386,6679
393,6680
324,6681
226,6682
37,6683
86,6684
247,6685
186,6686
337,6687
399,6688
264,6689
285,6690
240,6691
395,6692
169,6693
295,6694
192,6695
374,6696
146,6697
95,6698
102,6699
281,6700
127,6701
87,6702
326,6703
265,6704
180,6705
64,6706
67,6707
292,6708
139,6709
39,6710
235,6711
348,6712
22,6713
316,6714
239,6715
81,6716
217,6717
96,6718
101,6719
292,6720
365,6721
150,6722
41,6723
43,6724
9,6725
312,6726
267,6727
48,6728
242,6729
149,6730
327,6731
148,6732
300,6733
145,6734
111,6735
79,6736
97,6737
60,6738
24,6739
92,6740
177,6741
115,6742
14,6743
89,6744
64,6745
101,6746
23,6747
19,6748
183,6749
313,6750
328,6751
182,6752
299,6753
345,6754
218,6755
44,6756
190,6757
283,6758
74,6759
17,6760
382,6761
112,6762
267,6763
114,6764
1,6765
213,6766
51,6767
77,6768
313,6769
86,6770
128,6771
150,6772
392,6773
82,6774
333,6775
35,6776
75,6777
383,6778
163,6779
77,6780
286,6781
59,6782
85,6783
33,6784
91,6785
15,6786
161,6787
115,6788
295,6789
43,6790
270,6791
277,6792
168,6793
141,6794
299,6795
206,6796
4,6797
162,6798
368,6799
385,6800
197,6801
56,6802
50,6803
88,6804
383,6805
341,6806
248,6807
322,6808
242,6809
339,6810
336,6811
363,6812
59,6813
220,6814
383,6815
103,6816
380,6817
383,6818
152,6819
138,6820
377,6821
218,6822
194,6823
175,6824
363,6825
1,6826
78,6827
62,6828
395,6829
22,6830
9,6831
239,6832
77,6833
177,6834
317,6835
378,6836
204,6837
177,6838
310,6839
273,6840
26,6841
51,6842
53,6843
332,6844
227,6845
155,6846
147,6847
371,6848
44,6849
307,6850
50,6851
102,6852
81,6853
221,6854
302,6855
294,6856
250,6857
381,6858
91,6859
138,6860
158,6861
66,6862
108,6863
309,6864
336,6865
118,6866
331,6867
224,6868
364,6869
35,6870
60,6871
196,6872
279,6873
369,6874
227,6875
4,6876
214,6877
144,6878
147,6879
206,6880
212,6881
55,6882
272,6883
48,6884
85,6885
157,6886
317,6887
225,6888
91,6889
188,6890
252,6891
33,6892
123,6893
30,6894
189,6895
207,6896
151,6897
130,6898
155,6899
67,6900
113,6901
308,6902
16,6903
376,6904
40,6905
148,6906
259,6907
109,6908
149,6909
332,6910
110,6911
36,6912
15,6913
156,6914
327,6915
69,6916
250,6917
112,6918
184,6919
158,6920
97,6921
245,6922
23,6923
95,6924
357,6925
30,6926
21,6927
201,6928
223,6929
138,6930
332,6931
346,6932
7,6933
41,6934
333,6935
265,6936
77,6937
389,6938
390,6939
244,6940
140,6941
61,6942
169,6943
7,6944
273,6945
297,6946
90,6947
92,6948
299,6949
305,6950
343,6951
149,6952
287,6953
158,6954
69,6955
392,6956
28,6957
260,6958
162,6959
397,6960
17,6961
357,6962
160,6963
202,6964
139,6965
182,6966
388,6967
356,6968
270,6969
349,6970
395,6971
106,6972
20,6973
16,6974
209,6975
208,6976
117,6977
277,6978
313,6979
239,6980
54,6981
50,6982
302,6983
58,6984
251,6985
376,6986
307,6987
156,6988
397,6989
26,6990
95,6991
304,6992
246,6993
146,6994
196,6995
384,6996
180,6997
14,6998
384,6999
204,7000
248,7001
7,7002
288,7003
337,7004
179,7005
397,7006
356,7007
209,7008
367,7009
343,7010
7,7011
383,7012
379,7013
264,7014
131,7015
65,7016
369,7017
355,7018
208,7019
61,7020
10,7021
257,7022
56,7023
355,7024
182,7025
356,7026
57,7027
348,7028
357,7029
125,7030
234,7031
311,7032
241,7033
344,7034
318,7035
305,7036
387,7037
315,7038
114,7039
281,7040
360,7041
338,7042
336,7043
289,7044
112,7045
346,7046
122,7047
168,7048
98,7049
155,7050
307,7051
115,7052
327,7053
357,7054
10,7055
300,7056
4,7057
176,7058
162,7059
167,7060
369,7061
172,7062
312,7063
269,7064
392,7065
51,7066
356,7067
171,7068
358,7069
165,7070
88,7071
43,7072
259,7073
189,7074
324,7075
87,7076
361,7077
89,7078
262,7079
270,7080
114,7081
246,7082
384,7083
384,7084
123,7085
334,7086
16,7087
81,7088
291,7089
251,7090
283,7091
332,7092
314,7093
199,7094
277,7095
201,7096
193,7097
289,7098
73,7099
74,7100
171,7101
24,7102
288,7103
169,7104
190,7105
388,7106
80,7107
181,7108
37,7109
208,7110
280,7111
368,7112
265,7113
109,7114
42,7115
58,7116
394,7117
306,7118
122,7119
56,7120
151,7121
305,7122
253,7123
26,7124
97,7125
19,7126
373,7127
46,7128
40,7129
206,7130
333,7131
42,7132
168,7133
208,7134
358,7135
297,7136
369,7137
225,7138
48,7139
171,7140
178,7141
305,7142
369,7143
96,7144
65,7145
291,7146
213,7147
78,7148
283,7149
232,7150
30,7151
146,7152
350,7153
115,7154
357,7155
121,7156
260,7157
144,7158
392,7159
234,7160
390,7161
166,7162
365,7163
362,7164
214,7165
20,7166
186,7167
193,7168
100,7169
390,7170
266,7171
220,7172
379,7173
46,7174
245,7175
283,7176
136,7177
237,7178
361,7179
89,7180
105,7181
353,7182
131,7183
177,7184
20,7185
81,7186
339,7187
90,7188
372,7189
199,7190
364,7191
61,7192
156,7193
322,7194
217,7195
103,7196
60,7197
234,7198
11,7199
43,7200
325,7201
226,7202
2,7203
216,7204
271,7205
341,7206
329,7207
236,7208
1,7209
182,7210
206,7211
334,7212
43,7213
65,7214
321,7215
227,7216
181,7217
386,7218
286,7219
203,7220
344,7221
378,7222
149,7223
394,7224
216,7225
156,7226
379,7227
259,7228
206,7229
383,7230
189,7231
17,7232
282,7233
193,7234
393,7235
188,7236
314,7237
44,7238
319,7239
289,7240
102,7241
53,7242
97,7243
288,7244
221,7245
172,7246
285,7247
366,7248
82,7249
361,7250
345,7251
151,7252
170,7253
25,7254
100,7255
297,7256
283,7257
330,7258
238,7259
254,7260
200,7261
115,7262
287,7263
67,7264
164,7265
198,7266
141,7267
149,7268
15,7269
334,7270
189,7271
80,7272
319,7273
25,7274
198,7275
95,7276
121,7277
248,7278
161,7279
109,7280
138,7281
302,7282
143,7283
96,7284
33,7285
368,7286
242,7287
16,7288
393,7289
89,7290
131,7291
356,7292
216,7293
110,7294
213,7295
218,7296
387,7297
319,7298
137,7299
212,7300
3,7301
325,7302
364,7303
49,7304
217,7305
188,7306
354,7307
87,7308
97,7309
228,7310
165,7311
159,7312
220,7313
12,7314
1,7315
297,7316
231,7317
202,7318
272,7319
142,7320
156,7321
378,7322
9,7323
101,7324
146,7325
326,7326
319,7327
335,7328
84,7329
347,7330
202,7331
322,7332
39,7333
251,7334
381,7335
66,7336
221,7337
189,7338
51,7339
387,7340
222,7341
134,7342
125,7343
154,7344
297,7345
302,7346
287,7347
55,7348
226,7349
17,7350
52,7351
68,7352
32,7353
92,7354
173,7355
61,7356
166,7357
11,7358
134,7359
226,7360
279,7361
369,7362
312,7363
115,7364
271,7365
260,7366
38,7367
48,7368
3,7369
324,7370
219,7371
199,7372
30,7373
196,7374
212,7375
277,7376
247,7377
135,7378
39,7379
315,7380
55,7381
233,7382
270,7383
82,7384
360,7385
224,7386
109,7387
278,7388
230,7389
141,7390
178,7391
272,7392
169,7393
100,7394
80,7395
136,7396
345,7397
242,7398
113,7399
294,7400
192,7401
42,7402
295,7403
11,7404
202,7405
110,7406
303,7407
360,7408
47,7409
226,7410
51,7411
30,7412
4,7413
323,7414
123,7415
299,7416
5,7417
163,7418
377,7419
255,7420
16,7421
141,7422
32,7423
142,7424
222,7425
371,7426
316,7427
17,7428
270,7429
34,7430
347,7431
310,7432
159,7433
283,7434
195,7435
236,7436
359,7437
310,7438
159,7439
79,7440
65,7441
282,7442
296,7443
279,7444
345,7445
314,7446
53,7447
1,7448
53,7449
83,7450
318,7451
197,7452
372,7453
258,7454
396,7455
335,7456
142,7457
54,7458
340,7459
108,7460
282,7461
166,7462
198,7463
76,7464
47,7465
68,7466
386,7467
393,7468
113,7469
130,7470
25,7471
382,7472
129,7473
195,7474
91,7475
395,7476
250,7477
66,7478
239,7479
99,7480
170,7481
170,7482
122,7483
73,7484
119,7485
47,7486
239,7487
339,7488
106,7489
7,7490
8,7491
31,7492
318,7493
361,7494
244,7495
270,7496
394,7497
214,7498
349,7499
102,7500
50,7501
264,7502
29,7503
7,7504
151,7505
111,7506
306,7507
231,7508
231,7509
20,7510
240,7511
52,7512
182,7513
362,7514
157,7515
30,7516
132,7517
208,7518
224,7519
70,7520
11,7521
172,7522
32,7523
376,7524
221,7525
356,7526
117,7527
299,7528
399,7529
207,7530
70,7531
298,7532
343,7533
28,7534
395,7535
329,7536
62,7537
183,7538
303,7539
256,7540
278,7541
16,7542
175,7543
55,7544
126,7545
57,7546
167,7547
110,7548
92,7549
256,7550
135,7551
226,7552
51,7553
109,7554
372,7555
124,7556
11,7557
396,7558
128,7559
23,7560
257,7561
338,7562
91,7563
239,7564
240,7565
117,7566
182,7567
184,7568
378,7569
45,7570
353,7571
170,7572
281,7573
8,7574
390,7575
336,7576
63,7577
253,7578
340,7579
127,7580
305,7581
129,7582
78,7583
135,7584
289,7585
344,7586
368,7587
361,7588
362,7589
138,7590
373,7591
253,7592
48,7593
11,7594
215,7595
276,7596
318,7597
335,7598
134,7599
233,7600
197,7601
364,7602
172,7603
324,7604
166,7605
63,7606
395,7607
196,7608
161,7609
186,7610
192,7611
314,7612
212,7613
271,7614
197,7615
26,7616
195,7617
222,7618
312,7619
32,7620
281,7621
260,7622
26,7623
34,7624
199,7625
42,7626
44,7627
337,7628
219,7629
231,7630
395,7631
172,7632
125,7633
78,7634
201,7635
69,7636
152,7637
379,7638
353,7639
214,7640
77,7641
294,7642
346,7643
269,7644
25,7645
125,7646
73,7647
23,7648
231,7649
33,7650
99,7651
76,7652
93,7653
384,7654
133,7655
106,7656
312,7657
281,7658
268,7659
57,7660
351,7661
285,7662
122,7663
39,7664
72,7665
178,7666
316,7667
363,7668
246,7669
181,7670
71,7671
126,7672
94,7673
161,7674
177,7675
9,7676
277,7677
326,7678
164,7679
261,7680
394,7681
384,7682
282,7683
385,7684
92,7685
233,7686
321,7687
91,7688
224,7689
384,7690
350,7691
113,7692
214,7693
210,7694
335,7695
332,7696
149,7697
132,7698
11,7699
373,7700
216,7701
83,7702
67,7703
288,7704
117,7705
362,7706
350,7707
371,7708
343,7709
369,7710
366,7711
296,7712
153,7713
119,7714
266,7715
15,7716
138,7717
376,7718
257,7719
156,7720
102,7721
287,7722
19,7723
103,7724
133,7725
318,7726
134,7727
362,7728
156,7729
195,7730
18,7731
334,7732
109,7733
249,7734
148,7735
123,7736
100,7737
140,7738
76,7739
155,7740
313,7741
154,7742
223,7743
387,7744
64,7745
325,7746
211,7747
148,7748
239,7749
290,7750
198,7751
44,7752
254,7753
124,7754
355,7755
125,7756
255,7757
69,7758
213,7759
278,7760
96,7761
68,7762
170,7763
42,7764
383,7765
106,7766
258,7767
188,7768
101,7769
212,7770
74,7771
342,7772
380,7773
133,7774
28,7775
272,7776
12,7777
329,7778
184,7779
308,7780
253,7781
91,7782
219,7783
122,7784
10,7785
243,7786
171,7787
319,7788
379,7789
311,7790
171,7791
167,7792
342,7793
110,7794
293,7795
236,7796
359,7797
235,7798
117,7799
249,7800
120,7801
251,7802
115,7803
373,7804
130,7805
266,7806
384,7807
76,7808
227,7809
352,7810
266,7811
345,7812
386,7813
41,7814
158,7815
315,7816
218,7817
157,7818
150,7819
389,7820
344,7821
49,7822
53,7823
33,7824
194,7825
210,7826
69,7827
112,7828
241,7829
105,7830
25,7831
328,7832
366,7833
174,7834
87,7835
146,7836
11,7837
78,7838
23,7839
82,7840
28,7841
119,7842
112,7843
23,7844
165,7845
251,7846
111,7847
272,7848
222,7849
389,7850
150,7851
54,7852
182,7853
258,7854
258,7855
274,7856
363,7857
365,7858
200,7859
78,7860
35,7861
148,7862
362,7863
304,7864
255,7865
109,7866
276,7867
267,7868
354,7869
293,7870
228,7871
4,7872
232,7873
162,7874
353,7875
357,7876
202,7877
184,7878
229,7879
193,7880
87,7881
385,7882
92,7883
121,7884
64,7885
244,7886
281,7887
19,7888
378,7889
106,7890
78,7891
320,7892
338,7893
261,7894
362,7895
308,7896
244,7897
252,7898
122,7899
173,7900
257,7901
209,7902
111,7903
123,7904
85,7905
100,7906
326,7907
232,7908
307,7909
73,7910
41,7911
142,7912
350,7913
198,7914
386,7915
61,7916
387,7917
167,7918
360,7919
53,7920
349,7921
344,7922
68,7923
176,7924
385,7925
123,7926
243,7927
167,7928
221,7929
289,7930
66,7931
321,7932
140,7933
78,7934
321,7935
109,7936
188,7937
29,7938
117,7939
108,7940
117,7941
1,7942
34,7943
170,7944
158,7945
369,7946
84,7947
348,7948
289,7949
361,7950
275,7951
364,7952
331,7953
245,7954
348,7955
92,7956
134,7957
250,7958
355,7959
262,7960
47,7961
389,7962
249,7963
274,7964
230,7965
118,7966
234,7967
26,7968
305,7969
291,7970
388,7971
74,7972
265,7973
328,7974
198,7975
150,7976
196,7977
16,7978
282,7979
341,7980
121,7981
382,7982
253,7983
111,7984
356,7985
252,7986
242,7987
46,7988
306,7989
348,7990
227,7991
84,7992
52,7993
87,7994
162,7995
219,7996
283,7997
32,7998
165,7999
285,8000
